[{"model": "contenttypes.contenttype", "pk": 1, "fields": {"app_label": "admin", "model": "logentry"}}, {"model": "contenttypes.contenttype", "pk": 2, "fields": {"app_label": "auth", "model": "permission"}}, {"model": "contenttypes.contenttype", "pk": 3, "fields": {"app_label": "auth", "model": "group"}}, {"model": "contenttypes.contenttype", "pk": 4, "fields": {"app_label": "auth", "model": "user"}}, {"model": "contenttypes.contenttype", "pk": 5, "fields": {"app_label": "contenttypes", "model": "contenttype"}}, {"model": "contenttypes.contenttype", "pk": 6, "fields": {"app_label": "sessions", "model": "session"}}, {"model": "contenttypes.contenttype", "pk": 7, "fields": {"app_label": "imagier", "model": "category"}}, {"model": "contenttypes.contenttype", "pk": 8, "fields": {"app_label": "imagier", "model": "item"}}, {"model": "contenttypes.contenttype", "pk": 9, "fields": {"app_label": "imagier", "model": "favourites"}}, {"model": "sessions.session", "pk": "1ultctv4gyra3z9p9520j5lpp1m5zcdg", "fields": {"session_data": "MzQ0NjAwNjM0MTU3MmZkZDNkYWNmNjU2OWJmODU4M2I2MjhiODc5NDp7Il9hdXRoX3VzZXJfaWQiOiIzIiwiX2F1dGhfdXNlcl9iYWNrZW5kIjoiZGphbmdvLmNvbnRyaWIuYXV0aC5iYWNrZW5kcy5Nb2RlbEJhY2tlbmQiLCJfYXV0aF91c2VyX2hhc2giOiIxZTFhMmY3YmU0ODBjMDM1YTFjNWZlY2Y1MWQ2OTkzNzA4M2ZjN2JkIn0=", "expire_date": "2020-03-27T16:48:23.320Z"}}, {"model": "sessions.session", "pk": "tblt45pvr2ck8gh5pxswahuebecic8g1", "fields": {"session_data": "OWVjYTU4NGM4ZDQwYzhkZjZkNDMzZDhmMzQ0YjJkZGJmNGVhMGU1ODp7fQ==", "expire_date": "2020-03-25T17:08:56.210Z"}}, {"model": "imagier.category", "pk": 808, "fields": {"name": "alimentation", "label": "alimentation", "is_parent": true, "parentcat": null}}, {"model": "imagier.category", "pk": 809, "fields": {"name": "alimentation_fruits & l\u00e9gumes", "label": "fruits & l\u00e9gumes", "is_parent": false, "parentcat": 808}}, {"model": "imagier.category", "pk": 810, "fields": {"name": "alimentation_ingr\u00e9dients", "label": "ingr\u00e9dients", "is_parent": false, "parentcat": 808}}, {"model": "imagier.category", "pk": 811, "fields": {"name": "alimentation_actions", "label": "actions", "is_parent": false, "parentcat": 808}}, {"model": "imagier.category", "pk": 812, "fields": {"name": "v\u00eatements", "label": "v\u00eatements", "is_parent": true, "parentcat": null}}, {"model": "imagier.category", "pk": 813, "fields": {"name": "v\u00eatements_accessoires", "label": "accessoires", "is_parent": false, "parentcat": 812}}, {"model": "imagier.category", "pk": 814, "fields": {"name": "v\u00eatements_hauts", "label": "hauts", "is_parent": false, "parentcat": 812}}, {"model": "imagier.category", "pk": 815, "fields": {"name": "v\u00eatements_bas", "label": "bas", "is_parent": false, "parentcat": 812}}, {"model": "imagier.category", "pk": 816, "fields": {"name": "v\u00eatements_chaussures", "label": "chaussures", "is_parent": false, "parentcat": 812}}, {"model": "imagier.category", "pk": 817, "fields": {"name": "animaux", "label": "animaux", "is_parent": true, "parentcat": null}}, {"model": "imagier.category", "pk": 818, "fields": {"name": "animaux_dinosaures", "label": "dinosaures", "is_parent": false, "parentcat": 817}}, {"model": "imagier.category", "pk": 819, "fields": {"name": "animaux_savane", "label": "savane", "is_parent": false, "parentcat": 817}}, {"model": "imagier.category", "pk": 820, "fields": {"name": "animaux_domestiques", "label": "domestiques", "is_parent": false, "parentcat": 817}}, {"model": "imagier.category", "pk": 821, "fields": {"name": "animaux_pays froids", "label": "pays froids", "is_parent": false, "parentcat": 817}}, {"model": "imagier.category", "pk": 822, "fields": {"name": "animaux_marins", "label": "marins", "is_parent": false, "parentcat": 817}}, {"model": "imagier.category", "pk": 823, "fields": {"name": "animaux_montagne", "label": "montagne", "is_parent": false, "parentcat": 817}}, {"model": "imagier.category", "pk": 824, "fields": {"name": "animaux_ferme", "label": "ferme", "is_parent": false, "parentcat": 817}}, {"model": "imagier.category", "pk": 825, "fields": {"name": "animaux_petites b\u00eates", "label": "petites b\u00eates", "is_parent": false, "parentcat": 817}}, {"model": "imagier.category", "pk": 826, "fields": {"name": "animaux_for\u00eat", "label": "for\u00eat", "is_parent": false, "parentcat": 817}}, {"model": "imagier.category", "pk": 827, "fields": {"name": "animaux_actions", "label": "actions", "is_parent": false, "parentcat": 817}}, {"model": "imagier.category", "pk": 828, "fields": {"name": "parties du corps", "label": "parties du corps", "is_parent": true, "parentcat": null}}, {"model": "imagier.category", "pk": 829, "fields": {"name": "parties du corps_visage", "label": "visage", "is_parent": false, "parentcat": 828}}, {"model": "imagier.category", "pk": 830, "fields": {"name": "parties du corps_corps", "label": "corps", "is_parent": false, "parentcat": 828}}, {"model": "imagier.category", "pk": 831, "fields": {"name": "for\u00eat", "label": "for\u00eat", "is_parent": true, "parentcat": null}}, {"model": "imagier.category", "pk": 832, "fields": {"name": "for\u00eat_animaux", "label": "animaux", "is_parent": false, "parentcat": 831}}, {"model": "imagier.category", "pk": 833, "fields": {"name": "for\u00eat_arbres", "label": "arbres", "is_parent": false, "parentcat": 831}}, {"model": "imagier.category", "pk": 834, "fields": {"name": "for\u00eat_tr\u00e9sors de la nature", "label": "tr\u00e9sors de la nature", "is_parent": false, "parentcat": 831}}, {"model": "imagier.category", "pk": 835, "fields": {"name": "albums", "label": "albums", "is_parent": true, "parentcat": null}}, {"model": "imagier.category", "pk": 836, "fields": {"name": "albums_hansel & gretel", "label": "hansel & gretel", "is_parent": false, "parentcat": 835}}, {"model": "imagier.category", "pk": 837, "fields": {"name": "f\u00eates", "label": "f\u00eates", "is_parent": true, "parentcat": null}}, {"model": "imagier.category", "pk": 838, "fields": {"name": "f\u00eates_halloween", "label": "halloween", "is_parent": false, "parentcat": 837}}, {"model": "imagier.category", "pk": 839, "fields": {"name": "f\u00eates_p\u00e2ques", "label": "p\u00e2ques", "is_parent": false, "parentcat": 837}}, {"model": "imagier.category", "pk": 840, "fields": {"name": "f\u00eates_no\u00ebl", "label": "no\u00ebl", "is_parent": false, "parentcat": 837}}, {"model": "imagier.category", "pk": 841, "fields": {"name": "f\u00eates_carnaval & chandeleur", "label": "carnaval & chandeleur", "is_parent": false, "parentcat": 837}}, {"model": "imagier.category", "pk": 842, "fields": {"name": "f\u00eates_anniversaires", "label": "anniversaires", "is_parent": false, "parentcat": 837}}, {"model": "imagier.category", "pk": 843, "fields": {"name": "f\u00eates_galette", "label": "galette", "is_parent": false, "parentcat": 837}}, {"model": "imagier.category", "pk": 844, "fields": {"name": "saisons", "label": "saisons", "is_parent": true, "parentcat": null}}, {"model": "imagier.category", "pk": 845, "fields": {"name": "saisons_\u00e9t\u00e9", "label": "\u00e9t\u00e9", "is_parent": false, "parentcat": 844}}, {"model": "imagier.category", "pk": 846, "fields": {"name": "saisons_automne", "label": "automne", "is_parent": false, "parentcat": 844}}, {"model": "imagier.category", "pk": 847, "fields": {"name": "saisons_hiver", "label": "hiver", "is_parent": false, "parentcat": 844}}, {"model": "imagier.category", "pk": 848, "fields": {"name": "saisons_printemps", "label": "printemps", "is_parent": false, "parentcat": 844}}, {"model": "imagier.category", "pk": 849, "fields": {"name": "maison", "label": "maison", "is_parent": true, "parentcat": null}}, {"model": "imagier.category", "pk": 850, "fields": {"name": "maison_chambre", "label": "chambre", "is_parent": false, "parentcat": 849}}, {"model": "imagier.category", "pk": 851, "fields": {"name": "maison_cuisine", "label": "cuisine", "is_parent": false, "parentcat": 849}}, {"model": "imagier.category", "pk": 852, "fields": {"name": "maison_sanitaires", "label": "sanitaires", "is_parent": false, "parentcat": 849}}, {"model": "imagier.category", "pk": 853, "fields": {"name": "maison_salon", "label": "salon", "is_parent": false, "parentcat": 849}}, {"model": "imagier.category", "pk": 854, "fields": {"name": "\u00e9cole", "label": "\u00e9cole", "is_parent": true, "parentcat": null}}, {"model": "imagier.category", "pk": 855, "fields": {"name": "\u00e9cole_lieux", "label": "lieux", "is_parent": false, "parentcat": 854}}, {"model": "imagier.category", "pk": 856, "fields": {"name": "\u00e9cole_mat\u00e9riel", "label": "mat\u00e9riel", "is_parent": false, "parentcat": 854}}, {"model": "imagier.category", "pk": 857, "fields": {"name": "\u00e9cole_jeux", "label": "jeux", "is_parent": false, "parentcat": 854}}, {"model": "imagier.category", "pk": 858, "fields": {"name": "transports", "label": "transports", "is_parent": true, "parentcat": null}}, {"model": "imagier.category", "pk": 859, "fields": {"name": "transports_a\u00e9rien", "label": "a\u00e9rien", "is_parent": false, "parentcat": 858}}, {"model": "imagier.category", "pk": 860, "fields": {"name": "transports_terrestre", "label": "terrestre", "is_parent": false, "parentcat": 858}}, {"model": "imagier.category", "pk": 861, "fields": {"name": "transports_maritime", "label": "maritime", "is_parent": false, "parentcat": 858}}, {"model": "imagier.category", "pk": 862, "fields": {"name": "transports_infrastructures", "label": "infrastructures", "is_parent": false, "parentcat": 858}}, {"model": "imagier.category", "pk": 863, "fields": {"name": "transports_actions", "label": "actions", "is_parent": false, "parentcat": 858}}, {"model": "imagier.category", "pk": 864, "fields": {"name": "ferme", "label": "ferme", "is_parent": true, "parentcat": null}}, {"model": "imagier.category", "pk": 865, "fields": {"name": "ferme_animaux", "label": "animaux", "is_parent": false, "parentcat": 864}}, {"model": "imagier.category", "pk": 866, "fields": {"name": "ferme_outils", "label": "outils", "is_parent": false, "parentcat": 864}}, {"model": "imagier.category", "pk": 867, "fields": {"name": "ferme_lieux", "label": "lieux", "is_parent": false, "parentcat": 864}}, {"model": "imagier.category", "pk": 868, "fields": {"name": "ferme_\u00e9quipements", "label": "\u00e9quipements", "is_parent": false, "parentcat": 864}}, {"model": "imagier.category", "pk": 869, "fields": {"name": "ferme_actions", "label": "actions", "is_parent": false, "parentcat": 864}}, {"model": "imagier.category", "pk": 870, "fields": {"name": "jardin", "label": "jardin", "is_parent": true, "parentcat": null}}, {"model": "imagier.category", "pk": 871, "fields": {"name": "jardin_actions", "label": "actions", "is_parent": false, "parentcat": 870}}, {"model": "imagier.category", "pk": 872, "fields": {"name": "jardin_outils", "label": "outils", "is_parent": false, "parentcat": 870}}, {"model": "imagier.category", "pk": 873, "fields": {"name": "jardin_plantes", "label": "plantes", "is_parent": false, "parentcat": 870}}, {"model": "imagier.category", "pk": 874, "fields": {"name": "jardin_\u00e9quipements", "label": "\u00e9quipements", "is_parent": false, "parentcat": 870}}, {"model": "imagier.category", "pk": 875, "fields": {"name": "formes & couleurs", "label": "formes & couleurs", "is_parent": true, "parentcat": null}}, {"model": "imagier.category", "pk": 876, "fields": {"name": "formes & couleurs_formes", "label": "formes", "is_parent": false, "parentcat": 875}}, {"model": "imagier.category", "pk": 877, "fields": {"name": "formes & couleurs_couleurs", "label": "couleurs", "is_parent": false, "parentcat": 875}}, {"model": "imagier.category", "pk": 878, "fields": {"name": "salle de jeux", "label": "salle de jeux", "is_parent": true, "parentcat": null}}, {"model": "imagier.category", "pk": 879, "fields": {"name": "salle de jeux_mat\u00e9riel", "label": "mat\u00e9riel", "is_parent": false, "parentcat": 878}}, {"model": "imagier.category", "pk": 880, "fields": {"name": "salle de jeux_actions", "label": "actions", "is_parent": false, "parentcat": 878}}, {"model": "auth.permission", "pk": 1, "fields": {"name": "Can add log entry", "content_type": 1, "codename": "add_logentry"}}, {"model": "auth.permission", "pk": 2, "fields": {"name": "Can change log entry", "content_type": 1, "codename": "change_logentry"}}, {"model": "auth.permission", "pk": 3, "fields": {"name": "Can delete log entry", "content_type": 1, "codename": "delete_logentry"}}, {"model": "auth.permission", "pk": 4, "fields": {"name": "Can view log entry", "content_type": 1, "codename": "view_logentry"}}, {"model": "auth.permission", "pk": 5, "fields": {"name": "Can add permission", "content_type": 2, "codename": "add_permission"}}, {"model": "auth.permission", "pk": 6, "fields": {"name": "Can change permission", "content_type": 2, "codename": "change_permission"}}, {"model": "auth.permission", "pk": 7, "fields": {"name": "Can delete permission", "content_type": 2, "codename": "delete_permission"}}, {"model": "auth.permission", "pk": 8, "fields": {"name": "Can view permission", "content_type": 2, "codename": "view_permission"}}, {"model": "auth.permission", "pk": 9, "fields": {"name": "Can add group", "content_type": 3, "codename": "add_group"}}, {"model": "auth.permission", "pk": 10, "fields": {"name": "Can change group", "content_type": 3, "codename": "change_group"}}, {"model": "auth.permission", "pk": 11, "fields": {"name": "Can delete group", "content_type": 3, "codename": "delete_group"}}, {"model": "auth.permission", "pk": 12, "fields": {"name": "Can view group", "content_type": 3, "codename": "view_group"}}, {"model": "auth.permission", "pk": 13, "fields": {"name": "Can add user", "content_type": 4, "codename": "add_user"}}, {"model": "auth.permission", "pk": 14, "fields": {"name": "Can change user", "content_type": 4, "codename": "change_user"}}, {"model": "auth.permission", "pk": 15, "fields": {"name": "Can delete user", "content_type": 4, "codename": "delete_user"}}, {"model": "auth.permission", "pk": 16, "fields": {"name": "Can view user", "content_type": 4, "codename": "view_user"}}, {"model": "auth.permission", "pk": 17, "fields": {"name": "Can add content type", "content_type": 5, "codename": "add_contenttype"}}, {"model": "auth.permission", "pk": 18, "fields": {"name": "Can change content type", "content_type": 5, "codename": "change_contenttype"}}, {"model": "auth.permission", "pk": 19, "fields": {"name": "Can delete content type", "content_type": 5, "codename": "delete_contenttype"}}, {"model": "auth.permission", "pk": 20, "fields": {"name": "Can view content type", "content_type": 5, "codename": "view_contenttype"}}, {"model": "auth.permission", "pk": 21, "fields": {"name": "Can add session", "content_type": 6, "codename": "add_session"}}, {"model": "auth.permission", "pk": 22, "fields": {"name": "Can change session", "content_type": 6, "codename": "change_session"}}, {"model": "auth.permission", "pk": 23, "fields": {"name": "Can delete session", "content_type": 6, "codename": "delete_session"}}, {"model": "auth.permission", "pk": 24, "fields": {"name": "Can view session", "content_type": 6, "codename": "view_session"}}, {"model": "auth.permission", "pk": 25, "fields": {"name": "Can add category", "content_type": 7, "codename": "add_category"}}, {"model": "auth.permission", "pk": 26, "fields": {"name": "Can change category", "content_type": 7, "codename": "change_category"}}, {"model": "auth.permission", "pk": 27, "fields": {"name": "Can delete category", "content_type": 7, "codename": "delete_category"}}, {"model": "auth.permission", "pk": 28, "fields": {"name": "Can view category", "content_type": 7, "codename": "view_category"}}, {"model": "auth.permission", "pk": 29, "fields": {"name": "Can add item", "content_type": 8, "codename": "add_item"}}, {"model": "auth.permission", "pk": 30, "fields": {"name": "Can change item", "content_type": 8, "codename": "change_item"}}, {"model": "auth.permission", "pk": 31, "fields": {"name": "Can delete item", "content_type": 8, "codename": "delete_item"}}, {"model": "auth.permission", "pk": 32, "fields": {"name": "Can view item", "content_type": 8, "codename": "view_item"}}, {"model": "auth.permission", "pk": 33, "fields": {"name": "Can add favourites", "content_type": 9, "codename": "add_favourites"}}, {"model": "auth.permission", "pk": 34, "fields": {"name": "Can change favourites", "content_type": 9, "codename": "change_favourites"}}, {"model": "auth.permission", "pk": 35, "fields": {"name": "Can delete favourites", "content_type": 9, "codename": "delete_favourites"}}, {"model": "auth.permission", "pk": 36, "fields": {"name": "Can view favourites", "content_type": 9, "codename": "view_favourites"}}, {"model": "auth.group", "pk": 1, "fields": {"name": "\u00e9cole", "permissions": [32]}}, {"model": "auth.user", "pk": 3, "fields": {"password": "pbkdf2_sha256$180000$MaEGz9RyBytB$ct6v/PkbpYsuAXCaNgDKYhW1ivNsShluo9ml/Te+VZI=", "last_login": "2020-03-13T16:48:23.248Z", "is_superuser": true, "username": "nicolas", "first_name": "", "last_name": "", "email": "zeissern@gmail.com", "is_staff": true, "is_active": true, "date_joined": "2020-03-11T14:54:48Z", "groups": [1], "user_permissions": []}}, {"model": "auth.user", "pk": 9, "fields": {"password": "pbkdf2_sha256$180000$VJfZHwMAz7VN$x32P7YJzqxetHFR3Us6tFaaqIS+XkN5gwj0C46PO6mo=", "last_login": "2020-03-11T17:14:57.452Z", "is_superuser": true, "username": "anais", "first_name": "", "last_name": "", "email": "", "is_staff": true, "is_active": true, "date_joined": "2020-03-11T17:14:11Z", "groups": [1], "user_permissions": []}}, {"model": "imagier.item", "pk": 224, "fields": {"name": "le v\u00e9lociraptor", "label": "le v\u00e9lociraptor", "upper_label": "LE V\u00c9LOCIRAPTOR", "picture": "https://vignette.wikia.nocookie.net/jurassicpark/images/7/73/Blue_Fallen_Kingdom.png/revision/latest?cb=20181014190546&path-prefix=fr", "category": [818], "user": []}}, {"model": "imagier.item", "pk": 225, "fields": {"name": "le v\u00e9lociraptor(1)", "label": "le v\u00e9lociraptor", "upper_label": "LE V\u00c9LOCIRAPTOR", "picture": "https://i.pinimg.com/originals/d3/9e/61/d39e61c0c758921a09a663159a7c1ad4.jpg", "category": [818], "user": []}}, {"model": "imagier.item", "pk": 226, "fields": {"name": "le tyrannosaure", "label": "le tyrannosaure", "upper_label": "LE TYRANNOSAURE", "picture": "https://i.pinimg.com/originals/23/11/00/2311006e167119b2c139cf56796f16de.jpg", "category": [818], "user": []}}, {"model": "imagier.item", "pk": 227, "fields": {"name": "le diplodocus", "label": "le diplodocus", "upper_label": "LE DIPLODOCUS", "picture": "https://upload.wikimedia.org/wikipedia/commons/thumb/0/08/Diplodocus_carnegii.jpg/1200px-Diplodocus_carnegii.jpg", "category": [818], "user": []}}, {"model": "imagier.item", "pk": 228, "fields": {"name": "le tric\u00e9ratops", "label": "le tric\u00e9ratops", "upper_label": "LE TRIC\u00c9RATOPS", "picture": "https://crowscastle.com/133-large_default/collecta-dinosaur-30-triceratops.jpg", "category": [818], "user": []}}, {"model": "imagier.item", "pk": 229, "fields": {"name": "le pt\u00e9rodactile", "label": "le pt\u00e9rodactile", "upper_label": "LE PT\u00c9RODACTILE", "picture": "https://static.pratique.fr/images/unsized/pt/pteranodon.jpg", "category": [818], "user": []}}, {"model": "imagier.item", "pk": 230, "fields": {"name": "le lion", "label": "le lion", "upper_label": "LE LION", "picture": "https://img.lemde.fr/2015/12/15/0/0/3120/2127/688/0/60/0/8e8b20c_944931e5ec7c4a1dbaf6eef09caebcad-e2d79a2dab8a4fbb9d94b0bf38645b45-0.jpg", "category": [819], "user": []}}, {"model": "imagier.item", "pk": 231, "fields": {"name": "le tigre", "label": "le tigre", "upper_label": "LE TIGRE", "picture": "https://cdn.futura-sciences.com/buildsv6/images/largeoriginal/8/e/3/8e39442adf_50036032_panthera-tigris-tigris.jpg", "category": [819], "user": []}}, {"model": "imagier.item", "pk": 232, "fields": {"name": "le z\u00e8bre", "label": "le z\u00e8bre", "upper_label": "LE Z\u00c8BRE", "picture": "https://www.zoom-nature.fr/wp-content/uploads/2018/02/zebre-gp.jpg", "category": [819], "user": []}}, {"model": "imagier.item", "pk": 233, "fields": {"name": "la girafe", "label": "la girafe", "upper_label": "LA GIRAFE", "picture": "https://cdn-media.rtl.fr/cache/QCQWfrvkHwkQdURm6hw8Yw/880v587-0/online/image/2018/0410/7792965662_une-girafe-illustration.jpg", "category": [819], "user": []}}, {"model": "imagier.item", "pk": 234, "fields": {"name": "l'\u00e9l\u00e9phant", "label": "l'\u00e9l\u00e9phant", "upper_label": "L'\u00c9L\u00c9PHANT", "picture": "https://s.yimg.com/ny/api/res/1.2/Rhka7DXgiSGm.76OAoe85g--~A/YXBwaWQ9aGlnaGxhbmRlcjtzbT0xO3c9Njk5O2g9Mzkz/https://media.zenfs.com/fr/franceinfo_865/24ab2afe1ee7c9c8ccd1fa3bfc166f97", "category": [819], "user": []}}, {"model": "imagier.item", "pk": 235, "fields": {"name": "le dauphin", "label": "le dauphin", "upper_label": "LE DAUPHIN", "picture": "https://www.animaw.com/wp-content/uploads/2017/08/deux-grands-dauphins-810x442.jpg", "category": [822], "user": []}}, {"model": "imagier.item", "pk": 236, "fields": {"name": "le requin", "label": "le requin", "upper_label": "LE REQUIN", "picture": "https://static.lpnt.fr/images/2019/04/19/18492445lpw-18493261-article-jpg_6148647_660x281.jpg", "category": [822], "user": []}}, {"model": "imagier.item", "pk": 237, "fields": {"name": "la baleine", "label": "la baleine", "upper_label": "LA BALEINE", "picture": "https://images.ladepeche.fr/api/v1/images/view/5c2e902f8fe56f62f029399b/large/image.jpg", "category": [822], "user": []}}, {"model": "imagier.item", "pk": 238, "fields": {"name": "la raie manta", "label": "la raie manta", "upper_label": "LA RAIE MANTA", "picture": "https://img-4.linternaute.com/3iDIbLAFc9Q4WFnFDa4KJRZTflw=/620x/smart/2c6caeeae7b2460c92a62993ee1a7273/ccmcms-linternaute/10775921.jpg", "category": [822], "user": []}}, {"model": "imagier.item", "pk": 239, "fields": {"name": "l'hippocampe", "label": "l'hippocampe", "upper_label": "L'HIPPOCAMPE", "picture": "https://aquariumdevannes.fr/wp-content/uploads/2015/11/Hippocampe-chevelu-hippocampus-guttulatus-24.jpg", "category": [822], "user": []}}, {"model": "admin.logentry", "pk": 1, "fields": {"action_time": "2020-03-11T14:57:34.602Z", "user": 3, "content_type": 4, "object_id": "4", "object_repr": "testaccount", "action_flag": 1, "change_message": "[{\"added\": {}}]"}}, {"model": "admin.logentry", "pk": 2, "fields": {"action_time": "2020-03-11T14:58:57.405Z", "user": 3, "content_type": 4, "object_id": "4", "object_repr": "testaccount", "action_flag": 2, "change_message": "[]"}}, {"model": "admin.logentry", "pk": 3, "fields": {"action_time": "2020-03-11T15:09:52.690Z", "user": 3, "content_type": 4, "object_id": "5", "object_repr": "test2", "action_flag": 1, "change_message": "[{\"added\": {}}]"}}, {"model": "admin.logentry", "pk": 4, "fields": {"action_time": "2020-03-11T15:20:26.132Z", "user": 3, "content_type": 3, "object_id": "1", "object_repr": "\u00e9cole", "action_flag": 1, "change_message": "[{\"added\": {}}]"}}, {"model": "admin.logentry", "pk": 5, "fields": {"action_time": "2020-03-11T15:21:02.409Z", "user": 3, "content_type": 4, "object_id": "5", "object_repr": "test2", "action_flag": 3, "change_message": ""}}, {"model": "admin.logentry", "pk": 6, "fields": {"action_time": "2020-03-11T15:21:13.192Z", "user": 3, "content_type": 4, "object_id": "4", "object_repr": "testaccount", "action_flag": 3, "change_message": ""}}, {"model": "admin.logentry", "pk": 7, "fields": {"action_time": "2020-03-11T15:21:34.969Z", "user": 3, "content_type": 4, "object_id": "6", "object_repr": "test\u00e9cole", "action_flag": 1, "change_message": "[{\"added\": {}}]"}}, {"model": "admin.logentry", "pk": 8, "fields": {"action_time": "2020-03-11T15:21:47.748Z", "user": 3, "content_type": 4, "object_id": "6", "object_repr": "test\u00e9cole", "action_flag": 2, "change_message": "[{\"changed\": {\"fields\": [\"Groups\"]}}]"}}, {"model": "admin.logentry", "pk": 9, "fields": {"action_time": "2020-03-11T15:35:35.975Z", "user": 3, "content_type": 7, "object_id": "660", "object_repr": "animaux_insecte", "action_flag": 1, "change_message": "[{\"added\": {}}]"}}, {"model": "admin.logentry", "pk": 10, "fields": {"action_time": "2020-03-11T15:44:39.431Z", "user": 3, "content_type": 7, "object_id": "660", "object_repr": "animaux_insecte", "action_flag": 3, "change_message": ""}}, {"model": "admin.logentry", "pk": 11, "fields": {"action_time": "2020-03-11T15:44:39.451Z", "user": 3, "content_type": 7, "object_id": "659", "object_repr": "salle de jeux_actions", "action_flag": 3, "change_message": ""}}, {"model": "admin.logentry", "pk": 12, "fields": {"action_time": "2020-03-11T15:44:39.492Z", "user": 3, "content_type": 7, "object_id": "658", "object_repr": "salle de jeux_mat\u00e9riel", "action_flag": 3, "change_message": ""}}, {"model": "admin.logentry", "pk": 13, "fields": {"action_time": "2020-03-11T15:44:39.534Z", "user": 3, "content_type": 7, "object_id": "657", "object_repr": "salle de jeux", "action_flag": 3, "change_message": ""}}, {"model": "admin.logentry", "pk": 14, "fields": {"action_time": "2020-03-11T15:44:39.542Z", "user": 3, "content_type": 7, "object_id": "656", "object_repr": "formes & couleurs_couleurs", "action_flag": 3, "change_message": ""}}, {"model": "admin.logentry", "pk": 15, "fields": {"action_time": "2020-03-11T15:44:39.550Z", "user": 3, "content_type": 7, "object_id": "655", "object_repr": "formes & couleurs_formes", "action_flag": 3, "change_message": ""}}, {"model": "admin.logentry", "pk": 16, "fields": {"action_time": "2020-03-11T15:44:39.586Z", "user": 3, "content_type": 7, "object_id": "654", "object_repr": "formes & couleurs", "action_flag": 3, "change_message": ""}}, {"model": "admin.logentry", "pk": 17, "fields": {"action_time": "2020-03-11T15:44:39.609Z", "user": 3, "content_type": 7, "object_id": "653", "object_repr": "jardin_\u00e9quipements", "action_flag": 3, "change_message": ""}}, {"model": "admin.logentry", "pk": 18, "fields": {"action_time": "2020-03-11T15:44:39.617Z", "user": 3, "content_type": 7, "object_id": "652", "object_repr": "jardin_plantes", "action_flag": 3, "change_message": ""}}, {"model": "admin.logentry", "pk": 19, "fields": {"action_time": "2020-03-11T15:44:39.625Z", "user": 3, "content_type": 7, "object_id": "651", "object_repr": "jardin_outils", "action_flag": 3, "change_message": ""}}, {"model": "admin.logentry", "pk": 20, "fields": {"action_time": "2020-03-11T15:44:39.634Z", "user": 3, "content_type": 7, "object_id": "650", "object_repr": "jardin_actions", "action_flag": 3, "change_message": ""}}, {"model": "admin.logentry", "pk": 21, "fields": {"action_time": "2020-03-11T15:44:39.642Z", "user": 3, "content_type": 7, "object_id": "649", "object_repr": "jardin", "action_flag": 3, "change_message": ""}}, {"model": "admin.logentry", "pk": 22, "fields": {"action_time": "2020-03-11T15:44:39.650Z", "user": 3, "content_type": 7, "object_id": "648", "object_repr": "ferme_actions", "action_flag": 3, "change_message": ""}}, {"model": "admin.logentry", "pk": 23, "fields": {"action_time": "2020-03-11T15:44:39.659Z", "user": 3, "content_type": 7, "object_id": "647", "object_repr": "ferme_\u00e9quipements", "action_flag": 3, "change_message": ""}}, {"model": "admin.logentry", "pk": 24, "fields": {"action_time": "2020-03-11T15:44:39.667Z", "user": 3, "content_type": 7, "object_id": "646", "object_repr": "ferme_lieux", "action_flag": 3, "change_message": ""}}, {"model": "admin.logentry", "pk": 25, "fields": {"action_time": "2020-03-11T15:44:39.675Z", "user": 3, "content_type": 7, "object_id": "645", "object_repr": "ferme_outils", "action_flag": 3, "change_message": ""}}, {"model": "admin.logentry", "pk": 26, "fields": {"action_time": "2020-03-11T15:44:39.684Z", "user": 3, "content_type": 7, "object_id": "644", "object_repr": "ferme_animaux", "action_flag": 3, "change_message": ""}}, {"model": "admin.logentry", "pk": 27, "fields": {"action_time": "2020-03-11T15:44:39.692Z", "user": 3, "content_type": 7, "object_id": "643", "object_repr": "ferme", "action_flag": 3, "change_message": ""}}, {"model": "admin.logentry", "pk": 28, "fields": {"action_time": "2020-03-11T15:44:39.700Z", "user": 3, "content_type": 7, "object_id": "642", "object_repr": "transports_actions", "action_flag": 3, "change_message": ""}}, {"model": "admin.logentry", "pk": 29, "fields": {"action_time": "2020-03-11T15:44:39.709Z", "user": 3, "content_type": 7, "object_id": "641", "object_repr": "transports_infrastructures", "action_flag": 3, "change_message": ""}}, {"model": "admin.logentry", "pk": 30, "fields": {"action_time": "2020-03-11T15:44:39.717Z", "user": 3, "content_type": 7, "object_id": "640", "object_repr": "transports_maritime", "action_flag": 3, "change_message": ""}}, {"model": "admin.logentry", "pk": 31, "fields": {"action_time": "2020-03-11T15:44:39.725Z", "user": 3, "content_type": 7, "object_id": "639", "object_repr": "transports_terrestre", "action_flag": 3, "change_message": ""}}, {"model": "admin.logentry", "pk": 32, "fields": {"action_time": "2020-03-11T15:44:39.734Z", "user": 3, "content_type": 7, "object_id": "638", "object_repr": "transports_a\u00e9rien", "action_flag": 3, "change_message": ""}}, {"model": "admin.logentry", "pk": 33, "fields": {"action_time": "2020-03-11T15:44:39.742Z", "user": 3, "content_type": 7, "object_id": "637", "object_repr": "transports", "action_flag": 3, "change_message": ""}}, {"model": "admin.logentry", "pk": 34, "fields": {"action_time": "2020-03-11T15:44:39.750Z", "user": 3, "content_type": 7, "object_id": "636", "object_repr": "\u00e9cole_jeux", "action_flag": 3, "change_message": ""}}, {"model": "admin.logentry", "pk": 35, "fields": {"action_time": "2020-03-11T15:44:39.759Z", "user": 3, "content_type": 7, "object_id": "635", "object_repr": "\u00e9cole_mat\u00e9riel", "action_flag": 3, "change_message": ""}}, {"model": "admin.logentry", "pk": 36, "fields": {"action_time": "2020-03-11T15:44:39.767Z", "user": 3, "content_type": 7, "object_id": "634", "object_repr": "\u00e9cole_lieux", "action_flag": 3, "change_message": ""}}, {"model": "admin.logentry", "pk": 37, "fields": {"action_time": "2020-03-11T15:44:39.775Z", "user": 3, "content_type": 7, "object_id": "633", "object_repr": "\u00e9cole", "action_flag": 3, "change_message": ""}}, {"model": "admin.logentry", "pk": 38, "fields": {"action_time": "2020-03-11T15:44:39.784Z", "user": 3, "content_type": 7, "object_id": "632", "object_repr": "maison_salon", "action_flag": 3, "change_message": ""}}, {"model": "admin.logentry", "pk": 39, "fields": {"action_time": "2020-03-11T15:44:39.792Z", "user": 3, "content_type": 7, "object_id": "631", "object_repr": "maison_sanitaires", "action_flag": 3, "change_message": ""}}, {"model": "admin.logentry", "pk": 40, "fields": {"action_time": "2020-03-11T15:44:39.800Z", "user": 3, "content_type": 7, "object_id": "630", "object_repr": "maison_cuisine", "action_flag": 3, "change_message": ""}}, {"model": "admin.logentry", "pk": 41, "fields": {"action_time": "2020-03-11T15:44:39.809Z", "user": 3, "content_type": 7, "object_id": "629", "object_repr": "maison_chambre", "action_flag": 3, "change_message": ""}}, {"model": "admin.logentry", "pk": 42, "fields": {"action_time": "2020-03-11T15:44:39.817Z", "user": 3, "content_type": 7, "object_id": "628", "object_repr": "maison", "action_flag": 3, "change_message": ""}}, {"model": "admin.logentry", "pk": 43, "fields": {"action_time": "2020-03-11T15:44:39.826Z", "user": 3, "content_type": 7, "object_id": "627", "object_repr": "saisons_printemps", "action_flag": 3, "change_message": ""}}, {"model": "admin.logentry", "pk": 44, "fields": {"action_time": "2020-03-11T15:44:39.834Z", "user": 3, "content_type": 7, "object_id": "626", "object_repr": "saisons_hiver", "action_flag": 3, "change_message": ""}}, {"model": "admin.logentry", "pk": 45, "fields": {"action_time": "2020-03-11T15:44:39.842Z", "user": 3, "content_type": 7, "object_id": "625", "object_repr": "saisons_automne", "action_flag": 3, "change_message": ""}}, {"model": "admin.logentry", "pk": 46, "fields": {"action_time": "2020-03-11T15:44:39.850Z", "user": 3, "content_type": 7, "object_id": "624", "object_repr": "saisons_\u00e9t\u00e9", "action_flag": 3, "change_message": ""}}, {"model": "admin.logentry", "pk": 47, "fields": {"action_time": "2020-03-11T15:44:39.859Z", "user": 3, "content_type": 7, "object_id": "623", "object_repr": "saisons", "action_flag": 3, "change_message": ""}}, {"model": "admin.logentry", "pk": 48, "fields": {"action_time": "2020-03-11T15:44:39.867Z", "user": 3, "content_type": 7, "object_id": "622", "object_repr": "f\u00eates_galette", "action_flag": 3, "change_message": ""}}, {"model": "admin.logentry", "pk": 49, "fields": {"action_time": "2020-03-11T15:44:39.876Z", "user": 3, "content_type": 7, "object_id": "621", "object_repr": "f\u00eates_anniversaires", "action_flag": 3, "change_message": ""}}, {"model": "admin.logentry", "pk": 50, "fields": {"action_time": "2020-03-11T15:44:39.884Z", "user": 3, "content_type": 7, "object_id": "620", "object_repr": "f\u00eates_carnaval & chandeleur", "action_flag": 3, "change_message": ""}}, {"model": "admin.logentry", "pk": 51, "fields": {"action_time": "2020-03-11T15:44:39.892Z", "user": 3, "content_type": 7, "object_id": "619", "object_repr": "f\u00eates_no\u00ebl", "action_flag": 3, "change_message": ""}}, {"model": "admin.logentry", "pk": 52, "fields": {"action_time": "2020-03-11T15:44:39.901Z", "user": 3, "content_type": 7, "object_id": "618", "object_repr": "f\u00eates_p\u00e2ques", "action_flag": 3, "change_message": ""}}, {"model": "admin.logentry", "pk": 53, "fields": {"action_time": "2020-03-11T15:44:39.909Z", "user": 3, "content_type": 7, "object_id": "617", "object_repr": "f\u00eates_halloween", "action_flag": 3, "change_message": ""}}, {"model": "admin.logentry", "pk": 54, "fields": {"action_time": "2020-03-11T15:44:39.917Z", "user": 3, "content_type": 7, "object_id": "616", "object_repr": "f\u00eates", "action_flag": 3, "change_message": ""}}, {"model": "admin.logentry", "pk": 55, "fields": {"action_time": "2020-03-11T15:44:39.926Z", "user": 3, "content_type": 7, "object_id": "615", "object_repr": "albums_hansel & gretel", "action_flag": 3, "change_message": ""}}, {"model": "admin.logentry", "pk": 56, "fields": {"action_time": "2020-03-11T15:44:39.934Z", "user": 3, "content_type": 7, "object_id": "614", "object_repr": "albums", "action_flag": 3, "change_message": ""}}, {"model": "admin.logentry", "pk": 57, "fields": {"action_time": "2020-03-11T15:44:39.943Z", "user": 3, "content_type": 7, "object_id": "613", "object_repr": "for\u00eat_tr\u00e9sors de la nature", "action_flag": 3, "change_message": ""}}, {"model": "admin.logentry", "pk": 58, "fields": {"action_time": "2020-03-11T15:44:39.951Z", "user": 3, "content_type": 7, "object_id": "612", "object_repr": "for\u00eat_arbres", "action_flag": 3, "change_message": ""}}, {"model": "admin.logentry", "pk": 59, "fields": {"action_time": "2020-03-11T15:44:39.959Z", "user": 3, "content_type": 7, "object_id": "611", "object_repr": "for\u00eat_animaux", "action_flag": 3, "change_message": ""}}, {"model": "admin.logentry", "pk": 60, "fields": {"action_time": "2020-03-11T15:44:39.967Z", "user": 3, "content_type": 7, "object_id": "610", "object_repr": "for\u00eat", "action_flag": 3, "change_message": ""}}, {"model": "admin.logentry", "pk": 61, "fields": {"action_time": "2020-03-11T15:44:39.984Z", "user": 3, "content_type": 7, "object_id": "609", "object_repr": "parties du corps_corps", "action_flag": 3, "change_message": ""}}, {"model": "admin.logentry", "pk": 62, "fields": {"action_time": "2020-03-11T15:44:39.992Z", "user": 3, "content_type": 7, "object_id": "608", "object_repr": "parties du corps_visage", "action_flag": 3, "change_message": ""}}, {"model": "admin.logentry", "pk": 63, "fields": {"action_time": "2020-03-11T15:44:40.001Z", "user": 3, "content_type": 7, "object_id": "607", "object_repr": "parties du corps", "action_flag": 3, "change_message": ""}}, {"model": "admin.logentry", "pk": 64, "fields": {"action_time": "2020-03-11T15:44:40.009Z", "user": 3, "content_type": 7, "object_id": "606", "object_repr": "animaux_actions", "action_flag": 3, "change_message": ""}}, {"model": "admin.logentry", "pk": 65, "fields": {"action_time": "2020-03-11T15:44:40.017Z", "user": 3, "content_type": 7, "object_id": "605", "object_repr": "animaux_for\u00eat", "action_flag": 3, "change_message": ""}}, {"model": "admin.logentry", "pk": 66, "fields": {"action_time": "2020-03-11T15:44:40.026Z", "user": 3, "content_type": 7, "object_id": "604", "object_repr": "animaux_petites b\u00eates", "action_flag": 3, "change_message": ""}}, {"model": "admin.logentry", "pk": 67, "fields": {"action_time": "2020-03-11T15:44:40.034Z", "user": 3, "content_type": 7, "object_id": "603", "object_repr": "animaux_ferme", "action_flag": 3, "change_message": ""}}, {"model": "admin.logentry", "pk": 68, "fields": {"action_time": "2020-03-11T15:44:40.042Z", "user": 3, "content_type": 7, "object_id": "602", "object_repr": "animaux_montagne", "action_flag": 3, "change_message": ""}}, {"model": "admin.logentry", "pk": 69, "fields": {"action_time": "2020-03-11T15:44:40.051Z", "user": 3, "content_type": 7, "object_id": "601", "object_repr": "animaux_marins", "action_flag": 3, "change_message": ""}}, {"model": "admin.logentry", "pk": 70, "fields": {"action_time": "2020-03-11T15:44:40.059Z", "user": 3, "content_type": 7, "object_id": "600", "object_repr": "animaux_pays froids", "action_flag": 3, "change_message": ""}}, {"model": "admin.logentry", "pk": 71, "fields": {"action_time": "2020-03-11T15:44:40.067Z", "user": 3, "content_type": 7, "object_id": "599", "object_repr": "animaux_domestiques", "action_flag": 3, "change_message": ""}}, {"model": "admin.logentry", "pk": 72, "fields": {"action_time": "2020-03-11T15:44:40.076Z", "user": 3, "content_type": 7, "object_id": "598", "object_repr": "animaux_savane", "action_flag": 3, "change_message": ""}}, {"model": "admin.logentry", "pk": 73, "fields": {"action_time": "2020-03-11T15:44:40.084Z", "user": 3, "content_type": 7, "object_id": "597", "object_repr": "animaux_dinosaures", "action_flag": 3, "change_message": ""}}, {"model": "admin.logentry", "pk": 74, "fields": {"action_time": "2020-03-11T15:44:40.092Z", "user": 3, "content_type": 7, "object_id": "596", "object_repr": "animaux", "action_flag": 3, "change_message": ""}}, {"model": "admin.logentry", "pk": 75, "fields": {"action_time": "2020-03-11T15:44:40.101Z", "user": 3, "content_type": 7, "object_id": "595", "object_repr": "v\u00eatements_chaussures", "action_flag": 3, "change_message": ""}}, {"model": "admin.logentry", "pk": 76, "fields": {"action_time": "2020-03-11T15:44:40.110Z", "user": 3, "content_type": 7, "object_id": "594", "object_repr": "v\u00eatements_bas", "action_flag": 3, "change_message": ""}}, {"model": "admin.logentry", "pk": 77, "fields": {"action_time": "2020-03-11T15:44:40.126Z", "user": 3, "content_type": 7, "object_id": "593", "object_repr": "v\u00eatements_hauts", "action_flag": 3, "change_message": ""}}, {"model": "admin.logentry", "pk": 78, "fields": {"action_time": "2020-03-11T15:44:40.134Z", "user": 3, "content_type": 7, "object_id": "592", "object_repr": "v\u00eatements_accessoires", "action_flag": 3, "change_message": ""}}, {"model": "admin.logentry", "pk": 79, "fields": {"action_time": "2020-03-11T15:44:40.143Z", "user": 3, "content_type": 7, "object_id": "591", "object_repr": "v\u00eatements", "action_flag": 3, "change_message": ""}}, {"model": "admin.logentry", "pk": 80, "fields": {"action_time": "2020-03-11T15:44:40.159Z", "user": 3, "content_type": 7, "object_id": "590", "object_repr": "alimentation_actions", "action_flag": 3, "change_message": ""}}, {"model": "admin.logentry", "pk": 81, "fields": {"action_time": "2020-03-11T15:44:40.168Z", "user": 3, "content_type": 7, "object_id": "589", "object_repr": "alimentation_ingr\u00e9dients", "action_flag": 3, "change_message": ""}}, {"model": "admin.logentry", "pk": 82, "fields": {"action_time": "2020-03-11T15:44:40.176Z", "user": 3, "content_type": 7, "object_id": "588", "object_repr": "alimentation_fruits & l\u00e9gumes", "action_flag": 3, "change_message": ""}}, {"model": "admin.logentry", "pk": 83, "fields": {"action_time": "2020-03-11T15:44:40.184Z", "user": 3, "content_type": 7, "object_id": "587", "object_repr": "alimentation", "action_flag": 3, "change_message": ""}}, {"model": "admin.logentry", "pk": 84, "fields": {"action_time": "2020-03-11T15:45:57.094Z", "user": 3, "content_type": 7, "object_id": "734", "object_repr": "vacances", "action_flag": 1, "change_message": "[{\"added\": {}}]"}}, {"model": "admin.logentry", "pk": 85, "fields": {"action_time": "2020-03-11T15:46:38.395Z", "user": 3, "content_type": 7, "object_id": "734", "object_repr": "vacances", "action_flag": 3, "change_message": ""}}, {"model": "admin.logentry", "pk": 86, "fields": {"action_time": "2020-03-11T15:50:32.925Z", "user": 3, "content_type": 8, "object_id": "183", "object_repr": "la vache(2)", "action_flag": 2, "change_message": "[{\"changed\": {\"fields\": [\"Picture\"]}}]"}}, {"model": "admin.logentry", "pk": 87, "fields": {"action_time": "2020-03-11T15:52:24.285Z", "user": 3, "content_type": 7, "object_id": "733", "object_repr": "salle de jeux_actions", "action_flag": 3, "change_message": ""}}, {"model": "admin.logentry", "pk": 88, "fields": {"action_time": "2020-03-11T15:52:24.332Z", "user": 3, "content_type": 7, "object_id": "732", "object_repr": "salle de jeux_mat\u00e9riel", "action_flag": 3, "change_message": ""}}, {"model": "admin.logentry", "pk": 89, "fields": {"action_time": "2020-03-11T15:52:24.366Z", "user": 3, "content_type": 7, "object_id": "731", "object_repr": "salle de jeux", "action_flag": 3, "change_message": ""}}, {"model": "admin.logentry", "pk": 90, "fields": {"action_time": "2020-03-11T15:52:24.407Z", "user": 3, "content_type": 7, "object_id": "730", "object_repr": "formes & couleurs_couleurs", "action_flag": 3, "change_message": ""}}, {"model": "admin.logentry", "pk": 91, "fields": {"action_time": "2020-03-11T15:52:24.415Z", "user": 3, "content_type": 7, "object_id": "729", "object_repr": "formes & couleurs_formes", "action_flag": 3, "change_message": ""}}, {"model": "admin.logentry", "pk": 92, "fields": {"action_time": "2020-03-11T15:52:24.424Z", "user": 3, "content_type": 7, "object_id": "728", "object_repr": "formes & couleurs", "action_flag": 3, "change_message": ""}}, {"model": "admin.logentry", "pk": 93, "fields": {"action_time": "2020-03-11T15:52:24.432Z", "user": 3, "content_type": 7, "object_id": "727", "object_repr": "jardin_\u00e9quipements", "action_flag": 3, "change_message": ""}}, {"model": "admin.logentry", "pk": 94, "fields": {"action_time": "2020-03-11T15:52:24.440Z", "user": 3, "content_type": 7, "object_id": "726", "object_repr": "jardin_plantes", "action_flag": 3, "change_message": ""}}, {"model": "admin.logentry", "pk": 95, "fields": {"action_time": "2020-03-11T15:52:24.449Z", "user": 3, "content_type": 7, "object_id": "725", "object_repr": "jardin_outils", "action_flag": 3, "change_message": ""}}, {"model": "admin.logentry", "pk": 96, "fields": {"action_time": "2020-03-11T15:52:24.457Z", "user": 3, "content_type": 7, "object_id": "724", "object_repr": "jardin_actions", "action_flag": 3, "change_message": ""}}, {"model": "admin.logentry", "pk": 97, "fields": {"action_time": "2020-03-11T15:52:24.465Z", "user": 3, "content_type": 7, "object_id": "723", "object_repr": "jardin", "action_flag": 3, "change_message": ""}}, {"model": "admin.logentry", "pk": 98, "fields": {"action_time": "2020-03-11T15:52:24.474Z", "user": 3, "content_type": 7, "object_id": "722", "object_repr": "ferme_actions", "action_flag": 3, "change_message": ""}}, {"model": "admin.logentry", "pk": 99, "fields": {"action_time": "2020-03-11T15:52:24.482Z", "user": 3, "content_type": 7, "object_id": "721", "object_repr": "ferme_\u00e9quipements", "action_flag": 3, "change_message": ""}}, {"model": "admin.logentry", "pk": 100, "fields": {"action_time": "2020-03-11T15:52:24.490Z", "user": 3, "content_type": 7, "object_id": "720", "object_repr": "ferme_lieux", "action_flag": 3, "change_message": ""}}, {"model": "admin.logentry", "pk": 101, "fields": {"action_time": "2020-03-11T15:52:24.499Z", "user": 3, "content_type": 7, "object_id": "719", "object_repr": "ferme_outils", "action_flag": 3, "change_message": ""}}, {"model": "admin.logentry", "pk": 102, "fields": {"action_time": "2020-03-11T15:52:24.507Z", "user": 3, "content_type": 7, "object_id": "718", "object_repr": "ferme_animaux", "action_flag": 3, "change_message": ""}}, {"model": "admin.logentry", "pk": 103, "fields": {"action_time": "2020-03-11T15:52:24.524Z", "user": 3, "content_type": 7, "object_id": "717", "object_repr": "ferme", "action_flag": 3, "change_message": ""}}, {"model": "admin.logentry", "pk": 104, "fields": {"action_time": "2020-03-11T15:52:24.532Z", "user": 3, "content_type": 7, "object_id": "716", "object_repr": "transports_actions", "action_flag": 3, "change_message": ""}}, {"model": "admin.logentry", "pk": 105, "fields": {"action_time": "2020-03-11T15:52:24.540Z", "user": 3, "content_type": 7, "object_id": "715", "object_repr": "transports_infrastructures", "action_flag": 3, "change_message": ""}}, {"model": "admin.logentry", "pk": 106, "fields": {"action_time": "2020-03-11T15:52:24.549Z", "user": 3, "content_type": 7, "object_id": "714", "object_repr": "transports_maritime", "action_flag": 3, "change_message": ""}}, {"model": "admin.logentry", "pk": 107, "fields": {"action_time": "2020-03-11T15:52:24.557Z", "user": 3, "content_type": 7, "object_id": "713", "object_repr": "transports_terrestre", "action_flag": 3, "change_message": ""}}, {"model": "admin.logentry", "pk": 108, "fields": {"action_time": "2020-03-11T15:52:24.565Z", "user": 3, "content_type": 7, "object_id": "712", "object_repr": "transports_a\u00e9rien", "action_flag": 3, "change_message": ""}}, {"model": "admin.logentry", "pk": 109, "fields": {"action_time": "2020-03-11T15:52:24.574Z", "user": 3, "content_type": 7, "object_id": "711", "object_repr": "transports", "action_flag": 3, "change_message": ""}}, {"model": "admin.logentry", "pk": 110, "fields": {"action_time": "2020-03-11T15:52:24.582Z", "user": 3, "content_type": 7, "object_id": "710", "object_repr": "\u00e9cole_jeux", "action_flag": 3, "change_message": ""}}, {"model": "admin.logentry", "pk": 111, "fields": {"action_time": "2020-03-11T15:52:24.590Z", "user": 3, "content_type": 7, "object_id": "709", "object_repr": "\u00e9cole_mat\u00e9riel", "action_flag": 3, "change_message": ""}}, {"model": "admin.logentry", "pk": 112, "fields": {"action_time": "2020-03-11T15:52:24.599Z", "user": 3, "content_type": 7, "object_id": "708", "object_repr": "\u00e9cole_lieux", "action_flag": 3, "change_message": ""}}, {"model": "admin.logentry", "pk": 113, "fields": {"action_time": "2020-03-11T15:52:24.607Z", "user": 3, "content_type": 7, "object_id": "707", "object_repr": "\u00e9cole", "action_flag": 3, "change_message": ""}}, {"model": "admin.logentry", "pk": 114, "fields": {"action_time": "2020-03-11T15:52:24.615Z", "user": 3, "content_type": 7, "object_id": "706", "object_repr": "maison_salon", "action_flag": 3, "change_message": ""}}, {"model": "admin.logentry", "pk": 115, "fields": {"action_time": "2020-03-11T15:52:24.624Z", "user": 3, "content_type": 7, "object_id": "705", "object_repr": "maison_sanitaires", "action_flag": 3, "change_message": ""}}, {"model": "admin.logentry", "pk": 116, "fields": {"action_time": "2020-03-11T15:52:24.632Z", "user": 3, "content_type": 7, "object_id": "704", "object_repr": "maison_cuisine", "action_flag": 3, "change_message": ""}}, {"model": "admin.logentry", "pk": 117, "fields": {"action_time": "2020-03-11T15:52:24.640Z", "user": 3, "content_type": 7, "object_id": "703", "object_repr": "maison_chambre", "action_flag": 3, "change_message": ""}}, {"model": "admin.logentry", "pk": 118, "fields": {"action_time": "2020-03-11T15:52:24.649Z", "user": 3, "content_type": 7, "object_id": "702", "object_repr": "maison", "action_flag": 3, "change_message": ""}}, {"model": "admin.logentry", "pk": 119, "fields": {"action_time": "2020-03-11T15:52:24.657Z", "user": 3, "content_type": 7, "object_id": "701", "object_repr": "saisons_printemps", "action_flag": 3, "change_message": ""}}, {"model": "admin.logentry", "pk": 120, "fields": {"action_time": "2020-03-11T15:52:24.665Z", "user": 3, "content_type": 7, "object_id": "700", "object_repr": "saisons_hiver", "action_flag": 3, "change_message": ""}}, {"model": "admin.logentry", "pk": 121, "fields": {"action_time": "2020-03-11T15:52:24.674Z", "user": 3, "content_type": 7, "object_id": "699", "object_repr": "saisons_automne", "action_flag": 3, "change_message": ""}}, {"model": "admin.logentry", "pk": 122, "fields": {"action_time": "2020-03-11T15:52:24.682Z", "user": 3, "content_type": 7, "object_id": "698", "object_repr": "saisons_\u00e9t\u00e9", "action_flag": 3, "change_message": ""}}, {"model": "admin.logentry", "pk": 123, "fields": {"action_time": "2020-03-11T15:52:24.690Z", "user": 3, "content_type": 7, "object_id": "697", "object_repr": "saisons", "action_flag": 3, "change_message": ""}}, {"model": "admin.logentry", "pk": 124, "fields": {"action_time": "2020-03-11T15:52:24.699Z", "user": 3, "content_type": 7, "object_id": "696", "object_repr": "f\u00eates_galette", "action_flag": 3, "change_message": ""}}, {"model": "admin.logentry", "pk": 125, "fields": {"action_time": "2020-03-11T15:52:24.707Z", "user": 3, "content_type": 7, "object_id": "695", "object_repr": "f\u00eates_anniversaires", "action_flag": 3, "change_message": ""}}, {"model": "admin.logentry", "pk": 126, "fields": {"action_time": "2020-03-11T15:52:24.715Z", "user": 3, "content_type": 7, "object_id": "694", "object_repr": "f\u00eates_carnaval & chandeleur", "action_flag": 3, "change_message": ""}}, {"model": "admin.logentry", "pk": 127, "fields": {"action_time": "2020-03-11T15:52:24.724Z", "user": 3, "content_type": 7, "object_id": "693", "object_repr": "f\u00eates_no\u00ebl", "action_flag": 3, "change_message": ""}}, {"model": "admin.logentry", "pk": 128, "fields": {"action_time": "2020-03-11T15:52:24.732Z", "user": 3, "content_type": 7, "object_id": "692", "object_repr": "f\u00eates_p\u00e2ques", "action_flag": 3, "change_message": ""}}, {"model": "admin.logentry", "pk": 129, "fields": {"action_time": "2020-03-11T15:52:24.740Z", "user": 3, "content_type": 7, "object_id": "691", "object_repr": "f\u00eates_halloween", "action_flag": 3, "change_message": ""}}, {"model": "admin.logentry", "pk": 130, "fields": {"action_time": "2020-03-11T15:52:24.749Z", "user": 3, "content_type": 7, "object_id": "690", "object_repr": "f\u00eates", "action_flag": 3, "change_message": ""}}, {"model": "admin.logentry", "pk": 131, "fields": {"action_time": "2020-03-11T15:52:24.757Z", "user": 3, "content_type": 7, "object_id": "689", "object_repr": "albums_hansel & gretel", "action_flag": 3, "change_message": ""}}, {"model": "admin.logentry", "pk": 132, "fields": {"action_time": "2020-03-11T15:52:24.765Z", "user": 3, "content_type": 7, "object_id": "688", "object_repr": "albums", "action_flag": 3, "change_message": ""}}, {"model": "admin.logentry", "pk": 133, "fields": {"action_time": "2020-03-11T15:52:24.774Z", "user": 3, "content_type": 7, "object_id": "687", "object_repr": "for\u00eat_tr\u00e9sors de la nature", "action_flag": 3, "change_message": ""}}, {"model": "admin.logentry", "pk": 134, "fields": {"action_time": "2020-03-11T15:52:24.782Z", "user": 3, "content_type": 7, "object_id": "686", "object_repr": "for\u00eat_arbres", "action_flag": 3, "change_message": ""}}, {"model": "admin.logentry", "pk": 135, "fields": {"action_time": "2020-03-11T15:52:24.790Z", "user": 3, "content_type": 7, "object_id": "685", "object_repr": "for\u00eat_animaux", "action_flag": 3, "change_message": ""}}, {"model": "admin.logentry", "pk": 136, "fields": {"action_time": "2020-03-11T15:52:24.799Z", "user": 3, "content_type": 7, "object_id": "684", "object_repr": "for\u00eat", "action_flag": 3, "change_message": ""}}, {"model": "admin.logentry", "pk": 137, "fields": {"action_time": "2020-03-11T15:52:24.807Z", "user": 3, "content_type": 7, "object_id": "683", "object_repr": "parties du corps_corps", "action_flag": 3, "change_message": ""}}, {"model": "admin.logentry", "pk": 138, "fields": {"action_time": "2020-03-11T15:52:24.816Z", "user": 3, "content_type": 7, "object_id": "682", "object_repr": "parties du corps_visage", "action_flag": 3, "change_message": ""}}, {"model": "admin.logentry", "pk": 139, "fields": {"action_time": "2020-03-11T15:52:24.824Z", "user": 3, "content_type": 7, "object_id": "681", "object_repr": "parties du corps", "action_flag": 3, "change_message": ""}}, {"model": "admin.logentry", "pk": 140, "fields": {"action_time": "2020-03-11T15:52:24.832Z", "user": 3, "content_type": 7, "object_id": "680", "object_repr": "animaux_actions", "action_flag": 3, "change_message": ""}}, {"model": "admin.logentry", "pk": 141, "fields": {"action_time": "2020-03-11T15:52:24.840Z", "user": 3, "content_type": 7, "object_id": "679", "object_repr": "animaux_for\u00eat", "action_flag": 3, "change_message": ""}}, {"model": "admin.logentry", "pk": 142, "fields": {"action_time": "2020-03-11T15:52:24.857Z", "user": 3, "content_type": 7, "object_id": "678", "object_repr": "animaux_petites b\u00eates", "action_flag": 3, "change_message": ""}}, {"model": "admin.logentry", "pk": 143, "fields": {"action_time": "2020-03-11T15:52:24.865Z", "user": 3, "content_type": 7, "object_id": "677", "object_repr": "animaux_ferme", "action_flag": 3, "change_message": ""}}, {"model": "admin.logentry", "pk": 144, "fields": {"action_time": "2020-03-11T15:52:24.874Z", "user": 3, "content_type": 7, "object_id": "676", "object_repr": "animaux_montagne", "action_flag": 3, "change_message": ""}}, {"model": "admin.logentry", "pk": 145, "fields": {"action_time": "2020-03-11T15:52:24.882Z", "user": 3, "content_type": 7, "object_id": "675", "object_repr": "animaux_marins", "action_flag": 3, "change_message": ""}}, {"model": "admin.logentry", "pk": 146, "fields": {"action_time": "2020-03-11T15:52:24.899Z", "user": 3, "content_type": 7, "object_id": "674", "object_repr": "animaux_pays froids", "action_flag": 3, "change_message": ""}}, {"model": "admin.logentry", "pk": 147, "fields": {"action_time": "2020-03-11T15:52:24.908Z", "user": 3, "content_type": 7, "object_id": "673", "object_repr": "animaux_domestiques", "action_flag": 3, "change_message": ""}}, {"model": "admin.logentry", "pk": 148, "fields": {"action_time": "2020-03-11T15:52:24.916Z", "user": 3, "content_type": 7, "object_id": "672", "object_repr": "animaux_savane", "action_flag": 3, "change_message": ""}}, {"model": "admin.logentry", "pk": 149, "fields": {"action_time": "2020-03-11T15:52:24.932Z", "user": 3, "content_type": 7, "object_id": "671", "object_repr": "animaux_dinosaures", "action_flag": 3, "change_message": ""}}, {"model": "admin.logentry", "pk": 150, "fields": {"action_time": "2020-03-11T15:52:24.940Z", "user": 3, "content_type": 7, "object_id": "670", "object_repr": "animaux", "action_flag": 3, "change_message": ""}}, {"model": "admin.logentry", "pk": 151, "fields": {"action_time": "2020-03-11T15:52:24.949Z", "user": 3, "content_type": 7, "object_id": "669", "object_repr": "v\u00eatements_chaussures", "action_flag": 3, "change_message": ""}}, {"model": "admin.logentry", "pk": 152, "fields": {"action_time": "2020-03-11T15:52:24.957Z", "user": 3, "content_type": 7, "object_id": "668", "object_repr": "v\u00eatements_bas", "action_flag": 3, "change_message": ""}}, {"model": "admin.logentry", "pk": 153, "fields": {"action_time": "2020-03-11T15:52:24.965Z", "user": 3, "content_type": 7, "object_id": "667", "object_repr": "v\u00eatements_hauts", "action_flag": 3, "change_message": ""}}, {"model": "admin.logentry", "pk": 154, "fields": {"action_time": "2020-03-11T15:52:24.974Z", "user": 3, "content_type": 7, "object_id": "666", "object_repr": "v\u00eatements_accessoires", "action_flag": 3, "change_message": ""}}, {"model": "admin.logentry", "pk": 155, "fields": {"action_time": "2020-03-11T15:52:24.982Z", "user": 3, "content_type": 7, "object_id": "665", "object_repr": "v\u00eatements", "action_flag": 3, "change_message": ""}}, {"model": "admin.logentry", "pk": 156, "fields": {"action_time": "2020-03-11T15:52:24.990Z", "user": 3, "content_type": 7, "object_id": "664", "object_repr": "alimentation_actions", "action_flag": 3, "change_message": ""}}, {"model": "admin.logentry", "pk": 157, "fields": {"action_time": "2020-03-11T15:52:24.999Z", "user": 3, "content_type": 7, "object_id": "663", "object_repr": "alimentation_ingr\u00e9dients", "action_flag": 3, "change_message": ""}}, {"model": "admin.logentry", "pk": 158, "fields": {"action_time": "2020-03-11T15:52:25.007Z", "user": 3, "content_type": 7, "object_id": "662", "object_repr": "alimentation_fruits & l\u00e9gumes", "action_flag": 3, "change_message": ""}}, {"model": "admin.logentry", "pk": 159, "fields": {"action_time": "2020-03-11T15:52:25.015Z", "user": 3, "content_type": 7, "object_id": "661", "object_repr": "alimentation", "action_flag": 3, "change_message": ""}}, {"model": "admin.logentry", "pk": 160, "fields": {"action_time": "2020-03-11T15:52:42.225Z", "user": 3, "content_type": 8, "object_id": "200", "object_repr": "l'hippocampe(1)", "action_flag": 3, "change_message": ""}}, {"model": "admin.logentry", "pk": 161, "fields": {"action_time": "2020-03-11T15:52:42.244Z", "user": 3, "content_type": 8, "object_id": "199", "object_repr": "la raie manta(1)", "action_flag": 3, "change_message": ""}}, {"model": "admin.logentry", "pk": 162, "fields": {"action_time": "2020-03-11T15:52:42.252Z", "user": 3, "content_type": 8, "object_id": "198", "object_repr": "la baleine(1)", "action_flag": 3, "change_message": ""}}, {"model": "admin.logentry", "pk": 163, "fields": {"action_time": "2020-03-11T15:52:42.261Z", "user": 3, "content_type": 8, "object_id": "197", "object_repr": "le requin(1)", "action_flag": 3, "change_message": ""}}, {"model": "admin.logentry", "pk": 164, "fields": {"action_time": "2020-03-11T15:52:42.269Z", "user": 3, "content_type": 8, "object_id": "196", "object_repr": "le dauphin(1)", "action_flag": 3, "change_message": ""}}, {"model": "admin.logentry", "pk": 165, "fields": {"action_time": "2020-03-11T15:52:42.278Z", "user": 3, "content_type": 8, "object_id": "195", "object_repr": "l'\u00e9l\u00e9phant(1)", "action_flag": 3, "change_message": ""}}, {"model": "admin.logentry", "pk": 166, "fields": {"action_time": "2020-03-11T15:52:42.286Z", "user": 3, "content_type": 8, "object_id": "194", "object_repr": "la girafe(1)", "action_flag": 3, "change_message": ""}}, {"model": "admin.logentry", "pk": 167, "fields": {"action_time": "2020-03-11T15:52:42.294Z", "user": 3, "content_type": 8, "object_id": "193", "object_repr": "le z\u00e8bre(1)", "action_flag": 3, "change_message": ""}}, {"model": "admin.logentry", "pk": 168, "fields": {"action_time": "2020-03-11T15:52:42.302Z", "user": 3, "content_type": 8, "object_id": "192", "object_repr": "le tigre(1)", "action_flag": 3, "change_message": ""}}, {"model": "admin.logentry", "pk": 169, "fields": {"action_time": "2020-03-11T15:52:42.311Z", "user": 3, "content_type": 8, "object_id": "191", "object_repr": "le lion(1)", "action_flag": 3, "change_message": ""}}, {"model": "admin.logentry", "pk": 170, "fields": {"action_time": "2020-03-11T15:52:42.319Z", "user": 3, "content_type": 8, "object_id": "190", "object_repr": "le pt\u00e9rodactile(1)", "action_flag": 3, "change_message": ""}}, {"model": "admin.logentry", "pk": 171, "fields": {"action_time": "2020-03-11T15:52:42.328Z", "user": 3, "content_type": 8, "object_id": "189", "object_repr": "le tric\u00e9ratops(1)", "action_flag": 3, "change_message": ""}}, {"model": "admin.logentry", "pk": 172, "fields": {"action_time": "2020-03-11T15:52:42.336Z", "user": 3, "content_type": 8, "object_id": "188", "object_repr": "le diplodocus(1)", "action_flag": 3, "change_message": ""}}, {"model": "admin.logentry", "pk": 173, "fields": {"action_time": "2020-03-11T15:52:42.344Z", "user": 3, "content_type": 8, "object_id": "187", "object_repr": "le tyrannosaure(1)", "action_flag": 3, "change_message": ""}}, {"model": "admin.logentry", "pk": 174, "fields": {"action_time": "2020-03-11T15:52:42.352Z", "user": 3, "content_type": 8, "object_id": "186", "object_repr": "le v\u00e9lociraptor(3)", "action_flag": 3, "change_message": ""}}, {"model": "admin.logentry", "pk": 175, "fields": {"action_time": "2020-03-11T15:52:42.361Z", "user": 3, "content_type": 8, "object_id": "185", "object_repr": "le v\u00e9lociraptor(2)", "action_flag": 3, "change_message": ""}}, {"model": "admin.logentry", "pk": 176, "fields": {"action_time": "2020-03-11T15:52:42.369Z", "user": 3, "content_type": 8, "object_id": "184", "object_repr": "la ch\u00e8vre", "action_flag": 3, "change_message": ""}}, {"model": "admin.logentry", "pk": 177, "fields": {"action_time": "2020-03-11T15:52:42.377Z", "user": 3, "content_type": 8, "object_id": "183", "object_repr": "la vache(2)", "action_flag": 3, "change_message": ""}}, {"model": "admin.logentry", "pk": 178, "fields": {"action_time": "2020-03-11T15:52:42.386Z", "user": 3, "content_type": 8, "object_id": "182", "object_repr": "la vache(1)", "action_flag": 3, "change_message": ""}}, {"model": "admin.logentry", "pk": 179, "fields": {"action_time": "2020-03-11T15:52:42.394Z", "user": 3, "content_type": 8, "object_id": "181", "object_repr": "la vache", "action_flag": 3, "change_message": ""}}, {"model": "admin.logentry", "pk": 180, "fields": {"action_time": "2020-03-11T15:52:42.402Z", "user": 3, "content_type": 8, "object_id": "180", "object_repr": "l'hippocampe", "action_flag": 3, "change_message": ""}}, {"model": "admin.logentry", "pk": 181, "fields": {"action_time": "2020-03-11T15:52:42.411Z", "user": 3, "content_type": 8, "object_id": "179", "object_repr": "la raie manta", "action_flag": 3, "change_message": ""}}, {"model": "admin.logentry", "pk": 182, "fields": {"action_time": "2020-03-11T15:52:42.419Z", "user": 3, "content_type": 8, "object_id": "178", "object_repr": "la baleine", "action_flag": 3, "change_message": ""}}, {"model": "admin.logentry", "pk": 183, "fields": {"action_time": "2020-03-11T15:52:42.428Z", "user": 3, "content_type": 8, "object_id": "177", "object_repr": "le requin", "action_flag": 3, "change_message": ""}}, {"model": "admin.logentry", "pk": 184, "fields": {"action_time": "2020-03-11T15:52:42.436Z", "user": 3, "content_type": 8, "object_id": "176", "object_repr": "le dauphin", "action_flag": 3, "change_message": ""}}, {"model": "admin.logentry", "pk": 185, "fields": {"action_time": "2020-03-11T15:52:42.444Z", "user": 3, "content_type": 8, "object_id": "175", "object_repr": "l'\u00e9l\u00e9phant", "action_flag": 3, "change_message": ""}}, {"model": "admin.logentry", "pk": 186, "fields": {"action_time": "2020-03-11T15:52:42.453Z", "user": 3, "content_type": 8, "object_id": "174", "object_repr": "la girafe", "action_flag": 3, "change_message": ""}}, {"model": "admin.logentry", "pk": 187, "fields": {"action_time": "2020-03-11T15:52:42.461Z", "user": 3, "content_type": 8, "object_id": "173", "object_repr": "le z\u00e8bre", "action_flag": 3, "change_message": ""}}, {"model": "admin.logentry", "pk": 188, "fields": {"action_time": "2020-03-11T15:52:42.469Z", "user": 3, "content_type": 8, "object_id": "172", "object_repr": "le tigre", "action_flag": 3, "change_message": ""}}, {"model": "admin.logentry", "pk": 189, "fields": {"action_time": "2020-03-11T15:52:42.478Z", "user": 3, "content_type": 8, "object_id": "171", "object_repr": "le lion", "action_flag": 3, "change_message": ""}}, {"model": "admin.logentry", "pk": 190, "fields": {"action_time": "2020-03-11T15:52:42.486Z", "user": 3, "content_type": 8, "object_id": "170", "object_repr": "le pt\u00e9rodactile", "action_flag": 3, "change_message": ""}}, {"model": "admin.logentry", "pk": 191, "fields": {"action_time": "2020-03-11T15:52:42.495Z", "user": 3, "content_type": 8, "object_id": "169", "object_repr": "le tric\u00e9ratops", "action_flag": 3, "change_message": ""}}, {"model": "admin.logentry", "pk": 192, "fields": {"action_time": "2020-03-11T15:52:42.503Z", "user": 3, "content_type": 8, "object_id": "168", "object_repr": "le diplodocus", "action_flag": 3, "change_message": ""}}, {"model": "admin.logentry", "pk": 193, "fields": {"action_time": "2020-03-11T15:52:42.511Z", "user": 3, "content_type": 8, "object_id": "167", "object_repr": "le tyrannosaure", "action_flag": 3, "change_message": ""}}, {"model": "admin.logentry", "pk": 194, "fields": {"action_time": "2020-03-11T15:52:42.520Z", "user": 3, "content_type": 8, "object_id": "166", "object_repr": "le v\u00e9lociraptor(1)", "action_flag": 3, "change_message": ""}}, {"model": "admin.logentry", "pk": 195, "fields": {"action_time": "2020-03-11T15:52:42.528Z", "user": 3, "content_type": 8, "object_id": "165", "object_repr": "le v\u00e9lociraptor", "action_flag": 3, "change_message": ""}}, {"model": "admin.logentry", "pk": 196, "fields": {"action_time": "2020-03-11T15:56:59.615Z", "user": 3, "content_type": 8, "object_id": "217", "object_repr": "la vache", "action_flag": 2, "change_message": "[{\"changed\": {\"fields\": [\"Picture\"]}}]"}}, {"model": "admin.logentry", "pk": 197, "fields": {"action_time": "2020-03-11T15:58:22.995Z", "user": 3, "content_type": 8, "object_id": "202", "object_repr": "le v\u00e9lociraptor(1)", "action_flag": 2, "change_message": "[{\"changed\": {\"fields\": [\"Picture\"]}}]"}}, {"model": "admin.logentry", "pk": 198, "fields": {"action_time": "2020-03-11T15:59:35.375Z", "user": 3, "content_type": 8, "object_id": "202", "object_repr": "le v\u00e9lociraptor(1)", "action_flag": 2, "change_message": "[{\"changed\": {\"fields\": [\"Picture\"]}}]"}}, {"model": "admin.logentry", "pk": 199, "fields": {"action_time": "2020-03-11T16:45:58.784Z", "user": 3, "content_type": 4, "object_id": "3", "object_repr": "nicolas", "action_flag": 2, "change_message": "[{\"changed\": {\"fields\": [\"Groups\"]}}]"}}, {"model": "admin.logentry", "pk": 200, "fields": {"action_time": "2020-03-11T16:48:23.366Z", "user": 3, "content_type": 4, "object_id": "1", "object_repr": "devaccount", "action_flag": 2, "change_message": "[{\"changed\": {\"fields\": [\"Groups\"]}}]"}}, {"model": "admin.logentry", "pk": 201, "fields": {"action_time": "2020-03-11T16:48:30.059Z", "user": 3, "content_type": 4, "object_id": "6", "object_repr": "test\u00e9cole", "action_flag": 3, "change_message": ""}}, {"model": "admin.logentry", "pk": 202, "fields": {"action_time": "2020-03-11T16:48:44.325Z", "user": 3, "content_type": 4, "object_id": "7", "object_repr": "testecole", "action_flag": 1, "change_message": "[{\"added\": {}}]"}}, {"model": "admin.logentry", "pk": 203, "fields": {"action_time": "2020-03-11T16:50:04.915Z", "user": 3, "content_type": 4, "object_id": "7", "object_repr": "testecole", "action_flag": 2, "change_message": "[{\"changed\": {\"fields\": [\"Groups\"]}}]"}}, {"model": "admin.logentry", "pk": 204, "fields": {"action_time": "2020-03-11T17:12:18.063Z", "user": 3, "content_type": 4, "object_id": "8", "object_repr": "anaislasaucisse", "action_flag": 3, "change_message": ""}}, {"model": "admin.logentry", "pk": 205, "fields": {"action_time": "2020-03-11T17:12:18.079Z", "user": 3, "content_type": 4, "object_id": "1", "object_repr": "devaccount", "action_flag": 3, "change_message": ""}}, {"model": "admin.logentry", "pk": 206, "fields": {"action_time": "2020-03-11T17:12:18.087Z", "user": 3, "content_type": 4, "object_id": "7", "object_repr": "testecole", "action_flag": 3, "change_message": ""}}, {"model": "admin.logentry", "pk": 207, "fields": {"action_time": "2020-03-11T17:14:11.292Z", "user": 3, "content_type": 4, "object_id": "9", "object_repr": "anais", "action_flag": 1, "change_message": "[{\"added\": {}}]"}}, {"model": "admin.logentry", "pk": 208, "fields": {"action_time": "2020-03-11T17:14:30.992Z", "user": 3, "content_type": 4, "object_id": "9", "object_repr": "anais", "action_flag": 2, "change_message": "[{\"changed\": {\"fields\": [\"Staff status\", \"Superuser status\", \"Groups\"]}}]"}}]